imdbID,Language
tt0210930,Portuguese
tt0212513,English
tt0235280,English
tt0240149,French
tt0243904,English
tt0250224,English
tt0254099,English
tt0258068,English
tt0258068,French
tt0258068,Vietnamese
tt0263017,Spanish
tt0272338,English
tt0274768,German
tt0276639,Spanish
tt0280030,English
tt0280477,English
tt0281447,Portuguese
tt0281954,Spanish
tt0282171,English
tt0283111,English
tt0283941,German
tt0285331,English
tt0285331,Russian
tt0285331,German
tt0285331,Korean
tt0285331,Arabic
tt0285331,Spanish
tt0285331,Serbian
tt0285331,Mandarin
tt0285333,English
tt0285333,Bulgarian
tt0285333,Arabic
tt0285333,Cantonese
tt0285333,French
tt0285333,German
tt0285333,Hebrew
tt0285333,Hindi
tt0285333,Hungarian
tt0285333,Indonesian
tt0285333,Italian
tt0285333,Japanese
tt0285333,Portuguese
tt0285333,Romanian
tt0285333,Russian
tt0285333,Spanish
tt0285333,Thai
tt0285333,Ukrainian
tt0285333,Uzbek
tt0285333,Dutch
tt0285351,English
tt0285356,English
tt0286378,Portuguese
tt0288739,Slovenian
tt0290015,German
tt0291502,English
tt0291502,Greek
tt0291502,Italian
tt0292414,English
tt0292800,English
tt0294362,English
tt0295297,English
tt0295613,English
tt0296307,English
tt0297181,English
tt0297181,Hungarian
tt0297181,Russian
tt0298130,English
tt0298617,English
tt0299547,English
tt0303421,Spanish
tt0303430,English
tt0303635,English
tt0304649,English
tt0307716,English
tt0307734,English
tt0309122,English
tt0313025,English
tt0313038,English
tt0315722,English
tt0316602,English
tt0317842,Hebrew
tt0318038,English
tt0319935,English
tt0319938,English
tt0320808,English
tt0320809,English
tt0324681,English
tt0326731,Swedish
tt0336052,English
tt0336910,English
tt0337534,English
tt0337714,English
tt0338434,English
tt0340251,Portuguese
tt0340427,English
tt0344195,Portuguese
tt0346091,English
tt0351031,English
tt0354262,English
tt0360243,German
tt0380083,German
tt0383070,Spanish
tt0411465,English
tt0439924,English
tt0457440,English
tt0472578,English
tt0487835,Portuguese
tt0841930,Italian
tt0896680,German
tt1383715,English
tt0167260,English
tt0167260,Quenya
tt0167260,Old English
tt0167260,Sindarin
tt0191133,English
tt0285823,English
tt0285823,Spanish
tt0289944,English
tt0306047,English
tt0314197,English
tt0314197,Spanish
tt0317910,English
tt0320037,English
tt0325258,English
tt0327437,English
tt0327437,Cantonese
tt0327437,French
tt0327437,German
tt0327437,Hindi
tt0327437,Turkish
tt0328034,English
tt0329575,English
tt0332375,English
tt0337639,English
tt0338574,English
tt0346947,Spanish
tt0348593,English
tt0348904,Spanish
tt0348904,Portuguese
tt0353168,English
tt0354463,English
tt0357388,English
tt0362404,English
tt0363307,English
tt0364146,English
tt0365974,English
tt0367273,Portuguese
tt0367276,English
tt0367298,English
tt0367854,English
tt0368026,English
tt0369910,English
tt0372167,German
tt0373474,English
tt0374360,Spanish
tt0374900,English
tt0377066,English
tt0378194,English
tt0378194,Cantonese
tt0378194,Mandarin
tt0378194,Spanish
tt0382395,Spanish
tt0382898,Spanish
tt0382898,Basque
tt0382898,English
tt0382898,French
tt0383460,English
tt0383460,Somali
tt0383846,Serbian
tt0385373,German
tt0385374,Spanish
tt0385664,English
tt0385842,Spanish
tt0386907,English
tt0387541,English
tt0387564,English
tt0387714,English
tt0388838,French
tt0388838,English
tt0388838,Cantonese
tt0389121,English
tt0390205,Korean
tt0395378,English
tt0395560,Portuguese
tt0395560,Spanish
tt0395560,French
tt0395560,English
tt0397756,English
tt0397800,English
tt0398408,English
tt0398883,Italian
tt0400973,Spanish
tt0401224,English
tt0401224,Arabic
tt0406960,English
tt0413053,Portuguese
tt0413053,Russian
tt0413527,English
tt0415399,German
tt0417737,Swiss German
tt0418141,English
tt0420318,Polish
tt0424593,Catalan
tt0425271,English
tt0426893,English
tt0428517,English
tt0429149,English
tt0429293,Spanish
tt0429301,Hebrew
tt0432649,English
tt0432967,German
tt0433458,English
tt0435926,Portuguese
tt0436374,Spanish
tt0436374,German
tt0439341,English
tt0439342,English
tt0440788,English
tt0441970,Japanese
tt0441970,Russian
tt0441970,Mandarin
tt0447435,English
tt0447584,Portuguese
tt0448948,English
tt0455373,Spanish
tt0465778,German
tt0473394,English
tt0764672,Filipino
tt0764672,Tagalog
tt0774034,English
tt0784828,English
tt0784828,Icelandic
tt0877538,German
tt0910586,English
tt0956042,English
tt0956042,Zulu
tt1182335,English
tt1734537,English
tt4354698,English
tt0121766,English
tt0216584,English
tt0229881,Portuguese
tt0257516,English
tt0340163,English
tt0365885,English
tt0368413,English
tt0380389,English
tt0380389,Spanish
tt0388727,Danish
tt0390614,Hindi
tt0400525,English
tt0401855,English
tt0401855,French
tt0401855,Hungarian
tt0403508,English
tt0403508,Greek
tt0403508,Spanish
tt0407304,English
tt0420982,Russian
tt0420982,English
tt0424699,English
tt0424699,Spanish
tt0430357,English
tt0430357,Spanish
tt0430912,English
tt0432236,English
tt0435625,English
tt0435937,English
tt0436569,Mandarin
tt0436569,English
tt0437696,English
tt0439774,English
tt0440981,Spanish
tt0441633,Finnish
tt0441793,German
tt0441919,English
tt0441919,Filipino
tt0441919,Tagalog
tt0448962,English
tt0450077,Russian
tt0450979,English
tt0452594,English
tt0453979,Mandarin
tt0454082,English
tt0454883,Bulgarian
tt0454883,Hungarian
tt0454883,Romanian
tt0454883,Serbo-Croatian
tt0454921,English
tt0454921,Cantonese
tt0455467,English
tt0456207,Spanish
tt0463850,English
tt0463850,Spanish
tt0463850,Navajo
tt0463953,English
tt0464768,Portuguese
tt0465315,English
tt0465346,English
tt0470642,English
tt0473488,English
tt0473488,Spanish
tt0475119,English
tt0476078,Portuguese
tt0476265,English
tt0478409,French
tt0478834,English
tt0479219,English
tt0482109,English
tt0483716,English
tt0484211,English
tt0484334,English
tt0485241,French
tt0486062,English
tt0486545,German
tt0486555,English
tt0487887,Portuguese
tt0491587,English
tt0491877,English
tt0496424,English
tt0499262,Turkish
tt0499603,English
tt0499603,Spanish
tt0758789,English
tt0759475,English
tt0768805,English
tt0768837,Mandarin
tt0768837,Hokkien
tt0768837,English
tt0768837,Cantonese
tt0768837,Mandarin
tt0768837,Hokkien
tt0768837,English
tt0772137,English
tt0795415,English
tt0799857,German
tt0800968,English
tt0807745,English
tt0809622,English
tt0816201,English
tt0816401,English
tt0819676,English
tt0827740,English
tt0828594,Dutch
tt0829416,English
tt0844974,English
tt0845456,English
tt0856108,Spanish
tt0871862,German
tt0872202,Mandarin
tt0872202,English
tt0877057,Japanese
tt0878143,Dutch
tt0881961,English
tt0883995,Thai
tt0883995,English
tt0884868,English
tt0884868,Japanese
tt0884868,Mandarin
tt0896576,Russian
tt0896576,Yiddish
tt0896576,Hebrew
tt0901702,Irish
tt0901702,English
tt0912606,English
tt0914865,German
tt0920486,German
tt0950712,English
tt0950712,French
tt0972554,English
tt0972554,English
tt0994314,Japanese
tt0994314,English
tt1094677,English
tt1259811,Filipino
tt1259811,Tagalog
tt1307479,English
tt1641424,Spanish
tt3651388,English
tt0379976,English
tt0379976,French
tt0379976,Spanish
tt0389722,English
tt0407168,English
tt0425413,English
tt0431842,Arabic
tt0431842,Danish
tt0452608,English
tt0452692,English
tt0458500,Spanish
tt0469623,English
tt0497972,English
tt0499448,English
tt0758730,English
tt0758758,English
tt0758758,Danish
tt0780595,English
tt0783303,English
tt0814031,English
tt0819906,Hungarian
tt0829482,English
tt0835005,German
tt0871510,Hindi
tt0876295,English
tt0877621,French
tt0899270,English
tt0918927,English
tt0923928,English
tt0923928,Spanish
tt0925212,Portuguese
tt0926063,English
tt0929730,English
tt0965393,English
tt0968243,Spanish
tt0968776,English
tt0970184,English
tt0972408,English
tt0988065,Spanish
tt0996557,English
tt0999918,English
tt1001562,English
tt1023351,English
tt1024640,English
tt1027890,Spanish
tt1037186,English
tt1059972,French
tt1068929,Finnish
tt1069153,English
tt1073118,Haitian
tt1073118,Spanish
tt1073233,English
tt1093824,English
tt1093824,Spanish
tt1099212,English
tt1102306,Russian
tt1113760,Catalan
tt1117563,English
tt1117563,Japanese
tt1117563,Spanish
tt1117563,Portuguese
tt1117563,Thai
tt1124373,English
tt1147970,Portuguese
tt1159598,Portuguese
tt1160317,English
tt1174047,French
tt1178197,Bulgarian
tt1178197,German
tt1178197,Italian
tt1178197,Slovenian
tt1178197,English
tt1178197,Hungarian
tt1179454,French
tt1180321,English
tt1180574,Spanish
tt1180574,English
tt1189259,English
tt1191972,German
tt1194349,English
tt1196006,Japanese
tt1198194,English
tt1198194,Russian
tt1198194,Japanese
tt1205046,Catalan
tt1205046,Spanish
tt1205046,French
tt1205046,English
tt1213644,English
tt1225901,English
tt1236247,English
tt1239313,Mandarin
tt1241331,English
tt1244649,Spanish
tt1245687,English
tt1250727,English
tt1256139,Portuguese
tt1264068,English
tt1278298,English
tt1281970,English
tt1282464,English
tt1287830,English
tt1294182,English
tt1294182,Swahili
tt1294182,French
tt1313257,English
tt1334272,English
tt1334411,None
tt1334519,Hebrew
tt1351320,English
tt1352077,English
tt1352832,English
tt1360068,English
tt1382454,English
tt1404752,English
tt1445710,English
tt1451800,Spanish
tt1461246,English
tt1461246,Italian
tt1461246,Russian
tt1467241,Portuguese
tt1479285,Polish
tt1521647,English
tt1545465,English
tt1569554,Portuguese
tt1601975,English
tt1690398,Korean
tt1880430,Spanish
tt1896877,English
tt2153919,German
tt2290863,English
tt3620536,Czech
tt0076759,English
tt0409459,English
tt0473075,English
tt0473298,English
tt0473298,Swahili
tt0758752,English
tt0800320,English
tt0842926,English
tt0878804,English
tt0892769,English
tt1034032,English
tt1053424,English
tt1053424,Spanish
tt1090753,English
tt1109488,English
tt1114677,English
tt1126591,English
tt1126591,Ukrainian
tt1188995,Finnish
tt1205503,English
tt1260915,Portuguese
tt1260915,French
tt1277973,Spanish
tt1285295,Spanish
tt1297921,English
tt1320286,English
tt1321805,English
tt1326218,English
tt1329539,English
tt1331329,English
tt1334303,Spanish
tt1340456,English
tt1353137,Portuguese
tt1355237,English
tt1370835,English
tt1370835,Swahili
tt1382679,German
tt1385816,German
tt1407084,English
tt1407326,English
tt1408430,English
tt1408432,Spanish
tt1411254,English
tt1414378,English
tt1419986,Spanish
tt1424043,Filipino
tt1424043,Tagalog
tt1442402,Spanish
tt1442497,English
tt1444680,Catalan
tt1444680,Spanish
tt1444680,French
tt1461312,English
tt1463140,Portuguese
tt1467094,Spanish
tt1468760,English
tt1473826,English
tt1477076,English
tt1483421,Cantonese
tt1504688,Portuguese
tt1504688,French
tt1529233,Italian
tt1529670,English
tt1534042,Icelandic
tt1538426,Portuguese
tt1546653,English
tt1546653,Korean
tt1546653,Danish
tt1560160,Spanish
tt1564585,English
tt1567138,English
tt1568921,Japanese
tt1568921,English
tt1568922,Dutch
tt1574668,Finnish
tt1586081,English
tt1590089,Japanese
tt1613063,English
tt1615929,Portuguese
tt1621444,English
tt1622696,English
tt1625572,Portuguese
tt1667838,Hindi
tt1668912,English
tt1686898,Czech
tt1690134,Filipino
tt1691338,English
tt1691338,Spanish
tt1691832,Mandarin
tt1691832,Cantonese
tt1691832,Japanese
tt1697785,English
tt1706670,French
tt1733291,English
tt1743384,Portuguese
tt1748326,English
tt1758756,English
tt1763350,English
tt1769411,English
tt1773120,English
tt1776812,English
tt1785689,German
tt1787281,German
tt1787281,English
tt1792070,Albanian
tt1805761,Spanish
tt1811377,Danish
tt1820766,English
tt1826832,Spanish
tt1863034,English
tt1876552,English
tt1876552,Irish
tt1887969,Portuguese
tt1929482,English
tt1995532,English
tt2094217,Portuguese
tt2184186,English
tt2396815,Arabic
tt2700330,Spanish
tt4146594,Persian
tt4208288,Filipino
tt4209028,Filipino
tt4209028,Tagalog
tt4353976,English
tt0337692,English
tt0337692,French
tt0448694,English
tt0448694,Spanish
tt0848228,English
tt0848228,Russian
tt1024648,English
tt1024648,Persian
tt1164982,English
tt1201607,English
tt1268799,English
tt1270798,English
tt1270798,German
tt1270798,French
tt1270798,Spanish
tt1270798,Russian
tt1324999,English
tt1324999,Portuguese
tt1325019,English
tt1340800,English
tt1340800,Russian
tt1340800,Hungarian
tt1340800,French
tt1418380,English
tt1418380,Dutch
tt1418380,Chinese
tt1418380,Hindi
tt1418380,Zulu
tt1438539,Dutch
tt1441326,English
tt1472464,French
tt1472464,Estonian
tt1527186,English
tt1541874,English
tt1563738,English
tt1564349,English
tt1584923,English
tt1596343,English
tt1596343,Portuguese
tt1596343,Spanish
tt1596343,Italian
tt1596346,English
tt1611224,English
tt1624996,English
tt1637725,English
tt1637725,Ukrainian
tt1650062,English
tt1650536,German
tt1650536,English
tt1677734,Swedish
tt1694570,English
tt1699114,English
tt1712502,Italian
tt1715802,English
tt1720254,Hindi
tt1720254,Panjabi
tt1728102,English
tt1730374,English
tt1735335,English
tt1742028,Japanese
tt1753561,English
tt1753846,English
tt1753846,Persian
tt1754795,French
tt1772240,English
tt1772752,English
tt1784167,Spanish
tt1786704,English
tt1787777,English
tt1787989,Portuguese
tt1790914,English
tt1792621,English
tt1810633,English
tt1811399,English
tt1819781,English
tt1828246,English
tt1838775,English
tt1840973,French
tt1845307,English
tt1845307,Korean
tt1845307,Yiddish
tt1845307,Hebrew
tt1845307,Spanish
tt1845307,Arabic
tt1845307,Ukrainian
tt1851101,French
tt1853009,English
tt1863305,Spanish
tt1877740,English
tt1884501,Spanish
tt1891892,Dutch
tt1899111,English
tt1907676,Korean
tt1909841,Filipino
tt1909841,Tagalog
tt1922777,English
tt1922836,Spanish
tt1924273,Spanish
tt1924273,English
tt1930271,Portuguese
tt1942152,Finnish
tt1948209,Portuguese
tt1948209,French
tt1948209,Russian
tt1951319,German
tt1955162,English
tt1959644,Portuguese
tt1967616,English
tt1979230,Hungarian
tt1986005,English
tt1989646,English
tt1990380,English
tt1990380,Spanish
tt2005238,English
tt2006939,English
tt2007504,English
tt2011271,English
tt2011471,Spanish
tt2012041,English
tt2017030,English
tt2055820,Catalan
tt2059323,Swiss German
tt2066980,English
tt2070791,English
tt2072241,Swedish
tt2072899,Portuguese
tt2088920,English
tt2088993,English
tt2093350,Portuguese
tt2094209,English
tt2104412,English
tt2106460,Italian
tt2107893,English
tt2109059,English
tt2111452,English
tt2111684,Hebrew
tt2116841,English
tt2118720,Filipino
tt2118720,Tagalog
tt2124003,Arabic
tt2134254,German
tt2136972,English
tt2158609,English
tt2158640,English
tt2164114,Korean
tt2164274,English
tt2166160,Portuguese
tt2167895,Portuguese
tt2170687,English
tt2187850,Spanish
tt2191148,English
tt2193209,English
tt2197566,Hebrew
tt2197797,English
tt2243407,Portuguese
tt2258787,Hebrew
tt2261391,English
tt2262521,Korean
tt2265154,English
tt2266639,English
tt2287993,English
tt2339875,Japanese
tt2342389,English
tt2354136,English
tt2359171,Portuguese
tt2362760,Korean
tt2363255,Bengali
tt2377190,English
tt2384532,Korean
tt2386170,English
tt2396758,English
tt2401233,English
tt2403933,English
tt2404029,English
tt2465378,English
tt2494018,English
tt2498938,German
tt2519480,English
tt2523506,English
tt2529232,Filipino
tt2529232,Tagalog
tt2542372,English
tt2624860,English
tt2635406,English
tt2642860,English
tt2690730,Hebrew
tt2825222,English
tt3017196,English
tt3020768,English
tt3306650,English
tt3777050,Hindi
tt3785046,French
tt4210334,Filipino
tt4210334,Tagalog
tt4287584,Filipino
tt4287584,Tagalog
tt0062622,English
tt0062622,Russian
tt0062622,English
tt0062622,Russian
tt0070992,English
tt0076759,English
tt0077687,English
tt0092272,English
tt0092272,English
tt0092455,English
tt0092455,Klingon
tt0092455,French
tt0119528,English
tt0359950,English
tt0359950,Spanish
tt0359950,Icelandic
tt0362671,German
tt0364900,English
tt0403935,Hindi
tt0405469,English
tt0407362,English
tt0418279,English
tt0418279,Spanish
tt0429493,English
tt0429493,Spanish
tt0429493,French
tt0429493,Swahili
tt0429493,German
tt0469021,English
tt0481499,English
tt0765446,English
tt0770828,English
tt0787474,English
tt0816692,English
tt0816711,English
tt0816711,Spanish
tt0816711,Hebrew
tt0816711,Arabic
tt0829150,English
tt0829150,Turkish
tt0831387,English
tt0831387,Japanese
tt0848228,English
tt0848228,Russian
tt0848537,English
tt0864835,English
tt0903657,English
tt0918561,Mandarin
tt0918561,Cantonese
tt1015471,English
tt1141702,English
tt1142985,English
tt1205537,English
tt1205537,Russian
tt1210819,English
tt1210819,North American Indian
tt1229340,English
tt1234721,English
tt1234721,Persian
tt1234721,Ukrainian
tt1291150,English
tt1291150,Japanese
tt1300854,English
tt1343092,English
tt1355630,English
tt1408101,English
tt1408101,Klingon
tt1428538,English
tt1430132,English
tt1430132,Japanese
tt1453405,English
tt1454468,English
tt1454468,Greenlandic
tt1462411,English
tt1490017,English
tt1528100,English
tt1571249,English
tt1587310,English
tt1588173,English
tt1597725,Serbian
tt1598754,English
tt1606378,English
tt1606378,Russian
tt1606378,Hindi
tt1621039,English
tt1623205,English
tt1631867,English
tt1645131,English
tt1646971,English
tt1650554,English
tt1656195,English
tt1663662,English
tt1663662,Japanese
tt1663662,Cantonese
tt1663662,Mandarin
tt1670345,English
tt1670345,French
tt1690953,English
tt1690953,Ukrainian
tt1691307,English
tt1691917,English
tt1691917,Spanish
tt1696183,English
tt1698641,English
tt1709694,English
tt1715336,English
tt1729615,English
tt1731141,English
tt1748016,English
tt1753353,Danish
tt1762399,English
tt1790864,English
tt1796652,Japanese
tt1815862,English
tt1821658,English
tt1821658,Dutch
tt1826590,English
tt1828124,English
tt1830713,English
tt1837494,English
tt1837494,Arabic
tt1838603,English
tt1838603,French
tt1843866,English
tt1843866,French
tt1847746,Spanish
tt1847746,German
tt1847746,Hebrew
tt1856010,English
tt1860353,English
tt1865505,English
tt1865505,Irish
tt1865505,Scottish Gaelic
tt1872181,English
tt1877832,English
tt1877832,Vietnamese
tt1877832,French
tt1905003,Croatian
tt1905041,English
tt1905041,Russian
tt1905041,Spanish
tt1905041,Indonesian
tt1905041,Danish
tt1905041,Cantonese
tt1911644,English
tt1911658,English
tt1915626,English
tt1921149,Portuguese
tt1921149,English
tt1924435,English
tt1931435,English
tt1931435,Spanish
tt1931435,Latin
tt1939659,English
tt1946381,English
tt1951261,English
tt1951264,English
tt1951265,English
tt1956620,English
tt1956620,Ukrainian
tt1957886,English
tt1964773,English
tt1965118,English
tt1972571,English
tt1972571,Turkish
tt1974384,English
tt1981115,English
tt1985966,English
tt2002718,English
tt2002718,Spanish
tt2004420,English
tt2006753,English
tt2015381,English
tt2016242,English
tt2016242,Romanian
tt2016242,Hungarian
tt2016242,French
tt2017038,English
tt2017109,English
tt2017486,English
tt2024469,English
tt2024469,German
tt2024544,English
tt2076875,Spanish
tt2078576,English
tt2084093,English
tt2095649,English
tt2095649,French
tt2096672,English
tt2096672,Cantonese
tt2103188,English
tt2103188,Spanish
tt2103188,Mandarin
tt2103188,Russian
tt2103188,Korean
tt2103188,Polynesian
tt2106529,English
tt2112923,English
tt2120144,English
tt2136138,English
tt2140039,English
tt2140039,Urdu
tt2140373,English
tt2155405,Russian
tt2163315,English
tt2166834,English
tt2167266,English
tt2167266,Aboriginal
tt2169322,Mandarin
tt2169322,English
tt2169322,Min Nan
tt2170228,Dutch
tt2170228,English
tt2170228,Arabic
tt2170228,Italian
tt2172985,English
tt2172985,Spanish
tt2180411,English
tt2181889,English
tt2188671,English
tt2190838,English
tt2191082,English
tt2191400,Danish
tt2193265,English
tt2194499,English
tt2194988,Swedish
tt2199543,Portuguese
tt2199543,German
tt2199543,English
tt2201251,English
tt2203939,English
tt2209764,English
tt2224645,English
tt2229499,English
tt2233170,English
tt2234261,English
tt2234261,French
tt2237342,English
tt2243537,English
tt2243537,Spanish
tt2244901,English
tt2245084,English
tt2245119,English
tt2249278,Spanish
tt2249278,French
tt2249364,English
tt2252668,Portuguese
tt2258904,English
tt2260850,Spanish
tt2261325,French
tt2262227,English
tt2262227,Spanish
tt2263944,Japanese
tt2265398,English
tt2267368,English
tt2267998,English
tt2268458,English
tt2274208,English
tt2275451,Spanish
tt2278388,English
tt2278388,French
tt2281328,English
tt2281587,English
tt2281587,German
tt2287170,English
tt2287170,Japanese
tt2288064,English
tt2290567,Mandarin
tt2290567,Cantonese
tt2292959,English
tt2294629,English
tt2294629,Icelandic
tt2295672,English
tt2296682,English
tt2298384,French
tt2298384,English
tt2310332,English
tt2315896,English
tt2316801,French
tt2316801,English
tt2317102,Dutch
tt2324384,Hungarian
tt2324384,German
tt2329077,English
tt2333784,English
tt2333784,Spanish
tt2337458,Min Nan
tt2339741,English
tt2341644,Spanish
tt2342652,English
tt2343707,Finnish
tt2345481,English
tt2345613,English
tt2357291,English
tt2357291,Portuguese
tt2357377,Korean
tt2357377,English
tt2357377,German
tt2357461,Italian
tt2357770,English
tt2360390,Spanish
tt2360390,German
tt2360390,Swiss German
tt2360390,French
tt2360390,Italian
tt2364582,English
tt2365946,English
tt2369135,English
tt2369914,English
tt2372162,English
tt2374744,English
tt2375278,English
tt2375473,French
tt2375692,English
tt2377322,English
tt2377322,Spanish
tt2377322,Latin
tt2377322,Italian
tt2377938,Hindi
tt2379082,English
tt2380301,English
tt2381048,English
tt2382009,English
tt2382396,English
tt2385006,English
tt2385041,English
tt2386257,Maori
tt2386257,English
tt2386868,English
tt2386922,English
tt2388152,German
tt2388152,French
tt2388819,Turkish
tt2390334,English
tt2390480,English
tt2391622,English
tt2392179,English
tt2392179,Japanese
tt2392179,Spanish
tt2392433,English
tt2393845,English
tt2399794,English
tt2402091,Swedish
tt2404311,English
tt2404311,French
tt2404417,English
tt2404461,French
tt2404461,Persian
tt2406376,English
tt2406376,Spanish
tt2406992,Italian
tt2408482,English
tt2409300,Japanese
tt2409300,Indonesian
tt2409300,English
tt2409300,French
tt2413338,English
tt2418372,French
tt2419986,Spanish
tt2427502,Swedish
tt2427502,Spanish
tt2427502,English
tt2427502,Croatian
tt2427502,Arabic
tt2431410,English
tt2434988,Latvian
tt2449606,English
tt2449606,Spanish
tt2450186,English
tt2450186,Indonesian
tt2452470,English
tt2455546,English
tt2458910,English
tt2461132,Hindi
tt2467020,English
tt2467372,English
tt2473682,English
tt2473682,Spanish
tt2476176,English
tt2492366,English
tt2492738,Turkish
tt2492738,Kurdish
tt2499534,English
tt2505938,English
tt2511670,French
tt2514936,English
tt2515030,English
tt2515030,Spanish
tt2524568,French
tt2524568,Arabic
tt2524568,English
tt2525290,English
tt2525840,English
tt2531282,English
tt2536846,English
tt2543312,English
tt2544182,Greek
tt2545910,English
tt2547850,English
tt2551046,English
tt2551624,Tamil
tt2551654,Norwegian
tt2553444,English
tt2556308,Hindi
tt2558556,Serbian
tt2558556,English
tt2564156,English
tt2571774,English
tt2573226,Italian
tt2575988,English
tt2578560,English
tt2582426,English
tt2585808,Spanish
tt2594078,Spanish
tt2595390,Italian
tt2597242,English
tt2602734,English
tt2606806,German
tt2608368,English
tt2609758,English
tt2613776,English
tt2615726,German
tt2622530,English
tt2624636,English
tt2632556,Norwegian
tt2634238,English
tt2636124,Japanese
tt2639254,English
tt2645724,German
tt2646374,English
tt2647544,English
tt2648204,English
tt2649588,English
tt2650642,Polish
tt2650642,English
tt2653264,Japanese
tt2654580,English
tt2657242,English
tt2658126,Hindi
tt2659954,English
tt2662822,English
tt2666270,English
tt2668134,Japanese
tt2669336,English
tt2670454,Thai
tt2672730,English
tt2674924,English
tt2691102,Dutch
tt2704656,English
tt2704752,English
tt2704988,Hebrew
tt2705602,English
tt2707792,English
tt2708258,English
tt2711738,English
tt2711738,French
tt2712612,English
tt2714118,Portuguese
tt2717558,Filipino
tt2717558,Tagalog
tt2717558,English
tt2717740,German
tt2724064,English
tt2734004,Portuguese
tt2737050,French
tt2737050,Arabic
tt2737050,English
tt2737690,English
tt2739708,French
tt2739708,English
tt2739708,Portuguese
tt2739708,Maya
tt2739708,Spanish
tt2742174,English
tt2747548,English
tt2749298,English
tt2749298,German
tt2751074,English
tt2757456,Portuguese
tt2760020,Persian
tt2760492,English
tt2762738,English
tt2764784,German
tt2764784,English
tt2767040,English
tt2767700,German
tt2769470,English
tt2771372,English
tt2773126,French
tt2776888,English
tt2787824,French
tt2788710,English
tt2788710,Korean
tt2792284,Hindi
tt2792326,Irish
tt2793490,English
tt2797344,English
tt2797344,German
tt2797344,Spanish
tt2798590,English
tt2801538,Spanish
tt2802144,English
tt2802144,Arabic
tt2802144,Swedish
tt2805096,English
tt2814370,Portuguese
tt2818720,English
tt2820078,English
tt2820336,Portuguese
tt2820336,French
tt2820784,English
tt2821088,French
tt2821088,English
tt2821314,English
tt2821430,English
tt2827412,English
tt2845786,English
tt2847426,English
tt2853116,English
tt2854140,German
tt2861322,German
tt2865618,Norwegian
tt2871832,English
tt2876114,English
tt2884130,English
tt2889112,English
tt2893256,Spanish
tt2894546,English
tt2894644,Korean
tt2894710,French
tt2896066,Greek
tt2904568,English
tt2906772,Portuguese
tt2908856,English
tt2909286,Bulgarian
tt2909286,Bulgarian
tt2911448,Kannada
tt2917336,English
tt2924484,English
tt2930446,English
tt2930604,English
tt2931992,English
tt2933326,Portuguese
tt2935986,English
tt2936906,French
tt2936906,Spanish
tt2936906,Portuguese
tt2937214,German
tt2938310,Spanish
tt2945504,Danish
tt2945936,English
tt2946764,Portuguese
tt2950996,English
tt2951478,English
tt2952566,English
tt2952602,Cantonese
tt2952602,Mandarin
tt2956940,Hebrew
tt2960144,Danish
tt2960796,English
tt2960890,Japanese
tt2963076,English
tt2963232,English
tt2963340,English
tt2963344,English
tt2967166,English
tt2967368,English
tt2974350,English
tt2974350,Japanese
tt2975578,English
tt2978462,English
tt2980706,English
tt2990558,English
tt2994904,Croatian
tt3006576,Kannada
tt3009336,English
tt3009444,Russian
tt3010656,Czech
tt3010656,English
tt3012160,English
tt3012492,English
tt3012532,English
tt3015094,French
tt3017412,Hindi
tt3019450,Swedish
tt3020682,English
tt3021360,English
tt3031966,Hungarian
tt3037520,English
tt3039076,English
tt3039270,English
tt3041356,English
tt3042526,Portuguese
tt3042722,Bulgarian
tt3044834,English
tt3045044,English
tt3053574,English
tt3057572,English
tt3061050,English
tt3063316,English
tt3064658,Hebrew
tt3067462,German
tt3075206,Italian
tt3078602,English
tt3088960,English
tt3089904,Flemish
tt3089904,Dutch
tt3091254,Mandarin
tt3091810,Urdu
tt3092606,English
tt3101352,English
tt3103598,Danish
tt3104078,English
tt3104558,German
tt3106120,English
tt3108260,English
tt3110942,German
tt3111136,English
tt3115864,Norwegian
tt3118244,English
tt3125472,Mandarin
tt3130852,English
tt3132514,Korean
tt3132738,English
tt3133386,English
tt3134422,English
tt3139072,English
tt3144678,Chinese
tt3146580,English
tt3146580,Swiss German
tt3147542,English
tt3150056,English
tt3169706,English
tt3169706,Welsh
tt3170348,English
tt3175038,Hindi
tt3175846,English
tt3176116,English
tt3176134,Turkish
tt3176254,English
tt3178442,English
tt3181672,English
tt3181728,French
tt3181728,English
tt3184580,English
tt3190372,Finnish
tt3190372,English
tt3194678,English
tt3195768,English
tt3196174,Serbian
tt3196174,English
tt3196174,Icelandic
tt3202500,German
tt3202500,Hungarian
tt3204392,Japanese
tt3207304,English
tt3209710,Hebrew
tt3212404,English
tt3214648,Spanish
tt3215892,Korean
tt3216682,English
tt3240898,English
tt3242480,Hebrew
tt3242924,English
tt3243306,English
tt3244992,English
tt3250010,English
tt3254404,English
tt3264240,English
tt3265626,Spanish
tt3268042,English
tt3268458,English
tt3271372,English
tt3275400,English
tt3278420,English
tt3279124,English
tt3279462,English
tt3279494,English
tt3281074,Mandarin
tt3281074,English
tt3281646,English
tt3289126,French
tt3297554,English
tt3299698,Italian
tt3300126,English
tt3300988,English
tt3304616,English
tt3304860,English
tt3313396,Finnish
tt3318220,Dutch
tt3318220,English
tt3322274,English
tt3326366,English
tt3330908,English
tt3334794,German
tt3336690,English
tt3340712,English
tt3342592,English
tt3345346,English
tt3345466,Thai
tt3350376,English
tt3353690,English
tt3355944,Spanish
tt3358020,Japanese
tt3363888,Spanish
tt3368706,English
tt3370324,English
tt3374966,Italian
tt3376720,English
tt3385854,Malayalam
tt3386144,Dutch
tt3391114,English
tt3393070,English
tt3395184,English
tt3395184,Italian
tt3398228,English
tt3398876,English
tt3401190,English
tt3402834,Persian
tt3415374,Arabic
tt3426110,English
tt3433358,French
tt3438660,English
tt3444938,English
tt3449314,English
tt3450290,English
tt3452948,Swedish
tt3456160,Portuguese
tt3457798,English
tt3458196,English
tt3458776,Dzongkha
tt3464018,English
tt3464886,Russian
tt3468914,Portuguese
tt3469682,English
tt3469918,German
tt3470148,English
tt3474788,English
tt3474788,Irish
tt3474788,Polish
tt3475002,English
tt3475002,Croatian
tt3477042,Norwegian
tt3477516,German
tt3478564,English
tt3481544,English
tt3487356,English
tt3497284,Min Nan
tt3498494,Hindi
tt3500536,Danish
tt3501900,Croatian
tt3502172,English
tt3502248,English
tt3506970,Malayalam
tt3506970,Malayalam
tt3511812,English
tt3519272,French
tt3522566,Persian
tt3522584,Mandarin
tt3522584,Min Nan
tt3523654,English
tt3525428,German
tt3528756,Spanish
tt3534636,Russian
tt3540354,Spanish
tt3543084,Russian
tt3543084,French
tt3543084,English
tt3543084,German
tt3544556,Japanese
tt3548092,Khmer
tt3556544,French
tt3560662,Portuguese
tt3560768,German
tt3561828,English
tt3562082,English
tt3562626,English
tt3566726,English
tt3566812,English
tt3567224,English
tt3568088,English
tt3572756,Hungarian
tt3574904,English
tt3575500,English
tt3582084,Indonesian
tt3583000,French
tt3588278,English
tt3592718,English
tt3596274,Kurdish
tt3596274,Turkish
tt3606874,English
tt3610884,English
tt3620544,Portuguese
tt3621796,Japanese
tt3640766,English
tt3644570,Spanish
tt3646188,English
tt3648438,English
tt3650650,German
tt3652808,Persian
tt3657420,English
tt3662228,English
tt3669058,English
tt3671042,English
tt3672398,Catalan
tt3673430,English
tt3674654,English
tt3691930,English
tt3691930,Maori
tt3693996,Welsh
tt3696720,English
tt3696774,English
tt3697996,English
tt3710814,Portuguese
tt3713166,English
tt3717068,Marathi
tt3717068,Gujarati
tt3717068,English
tt3717068,Hindi
tt3728222,Portuguese
tt3733650,English
tt3734106,English
tt3742982,Japanese
tt3753000,Bulgarian
tt3758364,English
tt3759416,French
tt3762742,English
tt3763828,English
tt3794066,English
tt3796388,English
tt3797128,English
tt3801438,English
tt3801878,English
tt3807022,English
tt3819504,Catalan
tt3824086,English
tt3825328,Spanish
tt3828904,English
tt3830420,English
tt3831868,German
tt3832432,German
tt3839252,German
tt3843108,English
tt3845742,Filipino
tt3845742,Tagalog
tt3858500,Romanian
tt3858500,English
tt3885120,Portuguese
tt3885408,English
tt3887800,Filipino
tt3887800,Tagalog
tt3900206,Basque
tt3904078,English
tt3904994,Filipino
tt3904994,Tagalog
tt3914520,Korean
tt3918650,English
tt3919200,Welsh
tt3920548,English
tt3921454,English
tt3921454,French
tt3923034,Filipino
tt3951130,English
tt3954878,English
tt3955672,Hebrew
tt3957718,English
tt3957986,Korean
tt3962354,English
tt3971136,English
tt3974720,English
tt3997238,English
tt3997238,French
tt3998324,English
tt4004118,Portuguese
tt4043864,English
tt4044030,English
tt4044840,Portuguese
tt4044970,Mandarin
tt4047118,English
tt4047752,Danish
tt4047752,Danish
tt4048256,English
tt4052994,Mandarin
tt4065316,English
tt4065316,French
tt4065316,Hawaiian
tt4071572,English
tt4073732,French
tt4080028,Persian
tt4086030,English
tt4093636,Russian
tt4093636,English
tt4094242,French
tt4108554,Hebrew
tt4109934,English
tt4117294,Danish
tt4120018,Korean
tt4127474,Chinese
tt4132736,Japanese
tt4134838,English
tt4147830,English
tt4151090,French
tt4151090,Russian
tt4151090,English
tt4155816,None
tt4158952,English
tt4163486,English
tt4167782,English
tt4168532,Mandarin
tt4168666,English
tt4183192,English
tt4203318,None
tt4211564,Swedish
tt4241648,Italian
tt4247362,Mandarin
tt4254596,English
tt4255248,English
tt4265334,English
tt4267472,English
tt4269776,Korean
tt4274964,English
tt4287706,Filipino
tt4287706,Tagalog
tt4290772,Filipino
tt4290772,Tagalog
tt4290782,Filipino
tt4290782,Tagalog
tt4295280,Portuguese
tt4316202,Turkish
tt4327600,English
tt4331630,English
tt4346372,English
tt4362372,English
tt4364060,English
tt4364102,English
tt4366000,English
tt4369334,English
tt4373328,English
tt4406352,English
tt4408152,English
tt4458594,English
tt4460588,Dutch
tt4460848,Dutch
tt4510896,Cantonese
tt4510896,Thai
tt4510896,English
tt4532586,Korean
tt4667138,English
tt4667138,Uighur
tt4839806,Italian
tt4893200,English
tt4985332,Hakka
tt5056454,Lithuanian
tt5182352,Cree
tt5182352,Inuktitut
tt5223872,French
tt5245278,Welsh
tt0038650,English
tt0090728,English
tt0090728,Cantonese
tt0092272,English
tt0092272,English
tt0092455,English
tt0092455,Klingon
tt0092455,French
tt0112178,English
tt0112178,Klingon
tt0120974,English
tt0145487,English
tt0235198,Japanese
tt0330793,English
tt0369610,English
tt0478970,English
tt0482629,English
tt0482629,Spanish
tt0926732,English
tt1051904,English
tt1133985,English
tt1179933,English
tt1211837,English
tt1289401,English
tt1340138,English
tt1386697,English
tt1386697,Japanese
tt1386697,Spanish
tt1431045,English
tt1628841,English
tt1661199,English
tt1679335,English
tt1691307,English
tt1691307,English
tt1700841,English
tt1734579,Czech
tt1734579,French
tt1751105,English
tt1881002,English
tt1883367,English
tt1951266,English
tt1964418,English
tt1964418,French
tt1964418,Japanese
tt1974419,English
tt1979388,English
tt1985949,English
tt1986202,English
tt2049543,English
tt2072230,Japanese
tt2096673,English
tt2101383,English
tt2101383,German
tt2101383,Serbian
tt2118624,English
tt2124787,English
tt2126355,English
tt2165765,English
tt2170369,English
tt2224026,English
tt2224026,French
tt2226321,English
tt2267968,English
tt2267968,Mandarin
tt2268016,English
tt2277860,English
tt2277860,Indonesian
tt2279373,English
tt2293640,English
tt2293640,Spanish
tt2304933,English
tt2309260,English
tt2322441,English
tt2353030,English
tt2379713,English
tt2379713,Spanish
tt2379713,Italian
tt2379713,German
tt2379713,French
tt2381111,English
tt2381249,English
tt2381249,Swedish
tt2381249,German
tt2395427,English
tt2415458,English
tt2442080,Romanian
tt2450258,English
tt2452042,English
tt2473510,English
tt2473510,German
tt2473510,Ukrainian
tt2488496,English
tt2492296,English
tt2510894,English
tt2543164,English
tt2553928,English
tt2554274,English
tt2555736,English
tt2567026,English
tt2582782,English
tt2649554,English
tt2674426,English
tt2677216,French
tt2698966,English
tt2698966,Spanish
tt2698966,Quechua
tt2702724,English
tt2709768,English
tt2719848,English
tt2719848,Russian
tt2749282,English
tt2788432,English
tt2799974,English
tt2802136,English
tt2802136,French
tt2842732,English
tt2872750,None
tt2879552,English
tt2891574,English
tt2899142,English
tt2948356,English
tt2975590,English
tt2992000,English
tt3032476,English
tt3032476,Spanish
tt3032476,Vietnamese
tt3032968,German
tt3037336,Czech
tt3037336,Slovak
tt3040964,English
tt3087864,English
tt3132100,Spanish
tt3132632,English
tt3139482,English
tt3148266,English
tt3148552,English
tt3180912,English
tt3185602,English
tt3185602,Mandarin
tt3185602,Cantonese
tt3215364,English
tt3219554,Hindi
tt3230454,English
tt3257638,German
tt3257638,English
tt3257638,Dutch
tt3262990,English
tt3315386,English
tt3322312,English
tt3339966,English
tt3355142,French
tt3369624,English
tt3369806,English
tt3385516,English
tt3385516,Polish
tt3385516,German
tt3385516,Arabic
tt3385516,Egyptian (Ancient)
tt3395274,English
tt3395582,English
tt3416828,English
tt3442634,Finnish
tt3444616,English
tt3468798,English
tt3475734,English
tt3488298,English
tt3498820,English
tt3498820,German
tt3498820,Xhosa
tt3498820,Russian
tt3498820,Romanian
tt3499096,English
tt3499096,German
tt3508050,English
tt3518012,English
tt3520022,English
tt3520702,English
tt3554580,English
tt3554580,French
tt3554580,German
tt3554580,Italian
tt3554580,Portuguese
tt3554580,Spanish
tt3567288,English
tt3574152,English
tt3581932,English
tt3591436,English
tt3596178,English
tt3598496,English
tt3630144,English
tt3631112,English
tt3642918,English
tt3644258,English
tt3674910,English
tt3688406,English
tt3698558,English
tt3699692,English
tt3704050,English
tt3704050,German
tt3705412,English
tt3720724,Spanish
tt3750942,English
tt3757982,English
tt3768572,English
tt3774694,English
tt3774694,French
tt3831000,Norwegian
tt3831000,Swedish
tt3833822,English
tt3833822,French
tt3833822,Japanese
tt3838728,French
tt3848126,English
tt3850590,English
tt3850590,German
tt3855240,Dutch
tt3872918,French
tt3878542,English
tt3882082,English
tt3882928,English
tt3893280,English
tt3901256,English
tt3910602,English
tt3917316,Catalan
tt3917316,Spanish
tt3946090,English
tt3949660,English
tt3951082,English
tt3970806,English
tt3975510,English
tt3986586,English
tt3991412,English
tt4008758,French
tt4008758,Dutch
tt4008758,Arabic
tt4008758,Lingala
tt4016454,English
tt4035268,French
tt4046784,English
tt4067076,English
tt4085044,English
tt4085084,French
tt4086032,English
tt4088848,Polish
tt4094300,English
tt4108134,English
tt4113846,English
tt4130180,English
tt4132692,English
tt4135896,English
tt4144206,Danish
tt4144206,English
tt4145384,English
tt4146128,English
tt4148744,French
tt4148744,English
tt4158110,English
tt4158110,Swedish
tt4158110,Danish
tt4158110,Chinese
tt4163020,English
tt4165472,German
tt4189022,English
tt4191054,English
tt4196450,English
tt4224476,English
tt4231486,English
tt4262174,English
tt4262174,Spanish
tt4262918,Spanish
tt4264426,English
tt4265396,English
tt4273170,English
tt4284010,English
tt4284010,French
tt4286742,English
tt4288182,English
tt4292420,French
tt4312140,Swiss German
tt4324274,English
tt4329800,Polish
tt4341996,English
tt4352442,Swedish
tt4355418,English
tt4368568,English
tt4370596,English
tt4374208,English
tt4379728,Mandarin
tt4379728,English
tt4379728,Cantonese
tt4380324,English
tt4385026,English
tt4394104,English
tt4394392,English
tt4404238,Swedish
tt4411288,Portuguese
tt4413794,Arabic
tt4419524,English
tt4422656,English
tt4424812,English
tt4433966,English
tt4437054,German
tt4441280,Spanish
tt4444762,Swiss German
tt4444762,French
tt4444762,German
tt4450396,English
tt4457140,English
tt4465444,Dutch
tt4466648,Bosnian
tt4466648,French
tt4466648,English
tt4467202,Hindi
tt4469606,English
tt4471416,Arabic
tt4471636,Korean
tt4474344,English
tt4483460,Spanish
tt4491640,Portuguese
tt4503900,English
tt4507490,English
tt4519366,German
tt4532764,Persian
tt4536736,English
tt4537842,English
tt4543962,German
tt4544336,Danish
tt4548732,Polish
tt4551318,Russian
tt4551318,German
tt4551318,French
tt4551318,Yiddish
tt4576958,English
tt4587946,English
tt4589186,French
tt4590262,English
tt4591680,English
tt4604692,English
tt4606734,Swedish
tt4622776,English
tt4623246,French
tt4624424,English
tt4635922,English
tt4636204,Spanish
tt4645614,English
tt4658612,English
tt4671092,English
tt4671682,English
tt4677742,French
tt4683668,English
tt4699982,English
tt4699982,Irish
tt4715356,English
tt4715688,English
tt4729660,English
tt4729990,English
tt4731008,English
tt4731008,French
tt4731008,German
tt4741306,English
tt4742644,English
tt4743688,English
tt4747380,Thai
tt4747380,English
tt4747380,Japanese
tt4768764,Korean
tt4771836,English
tt4781886,English
tt4801328,French
tt4806102,Mandarin
tt4817808,English
tt4819510,English
tt4824302,English
tt4833952,English
tt4844752,Turkish
tt4844752,German
tt4844752,English
tt4868972,English
tt4872078,English
tt4872192,Persian
tt4881032,Portuguese
tt4881548,Georgian
tt4881616,Greek
tt4881616,French
tt4882192,English
tt4898890,German
tt4901356,Italian
tt4907044,Portuguese
tt4908644,Ukrainian
tt4908644,Russian
tt4908644,English
tt4918278,English
tt4936064,English
tt4936064,Spanish
tt4936064,Arabic
tt4936064,Hindi
tt4938484,English
tt4938930,Turkish
tt4939866,German
tt4955294,None
tt4964772,English
tt4964772,Arabic
tt4964772,Spanish
tt4969466,English
tt4981636,English
tt4986278,Portuguese
tt5006180,English
tt5023666,Japanese
tt5037290,Spanish
tt5046534,Tagalog
tt5088794,Romanian
tt5097050,English
tt5104362,Polish
tt5123004,English
tt5129156,English
tt5159204,English
tt5167226,English
tt5168192,English
tt5173046,English
tt5180052,Italian
tt5193358,English
tt5198004,English
tt5202850,English
tt5231798,French
tt5235348,English
tt5240824,Danish
tt5257770,English
tt5258040,English
tt5258442,English
tt5275830,English
tt5275866,English
tt5285494,English
tt5294966,Japanese
tt5347932,English
tt5354588,English
tt5421684,Dutch
tt5424802,English
tt5425704,French
tt5437970,Italian
tt5437970,English
tt5437970,Slovenian
tt5437970,Slovenian
tt5459436,English
tt5476474,German
tt5477402,English
tt5477402,Spanish
tt5518022,Slovenian
tt5518022,Croatian
tt5518022,English
tt5518022,Serbian
tt5563254,English
tt5563254,French
tt5563254,Italian
tt5591342,English
tt5643768,English
tt5659864,English
tt5707408,English
tt5719456,Spanish
tt5721552,Greek
tt5724358,English
tt5754426,Portuguese
tt5766968,Mandarin
tt5891860,Filipino
tt5891860,Tagalog
tt5895570,English
tt5986050,English
tt5999174,Persian
tt6002956,English
tt6054290,Mandarin
