searchterm,userid,created_year,created_month,created_date,created_hour,created_min,created_sec,retweet_count,favorite_count,friends_count,followers_count,location,tweet
trump,3172788553,2016,10,25,06,13,25,1727,0,0,97960,,RT @hoax: hitler vs trump https://t.co/wg815vdue4
hillary,92601375,2016,10,25,06,13,25,1,0,270,1280,USA,RT @polisciman75: WOW: Catholic Priest Puts Church-Goers On Notice: Issues Brutal Warning If They Vote For Hillary https://t.co/25Dc2s2mwQ
trump,731271962866110464,2016,10,25,06,13,25,1727,0,1183,36209,turn on notifications ‚úó‚ô•O,RT @hoax: hitler vs trump https://t.co/wg815vdue4
trump,789563993119715328,2016,10,25,06,13,25,4567,0,130,26,,RT @JaredWyand: Hillary's "we go high" campaign was planning their swift-boat attacks against Trump during the Sanders primary#PodestaEma‚Ä¶
hillary,706990537799131136,2016,10,25,06,13,25,0,0,3010,2381,Making you hungry...,@vaccaro3d Hillary: Ready to toss Bill's Rape victims under the bus https://t.co/5hkYOOKuRh
hillary,744304014,2016,10,25,06,13,25,0,0,893,1211,‚ÜíHip Hop‚Üê,Ya me estoy preparando pa el KiyaHH jaja
trump,2954362544,2016,10,25,06,13,25,37,0,1287,1485,,RT @TDennis17: Well here's the third Trump smear artist caught today. CNN must be pooping bricks by now. They'll never report on it https:‚Ä¶
trump,738962621362118656,2016,10,25,06,13,25,13,0,326,508,,RT @pastpunditry: Donald Trump would like ladies to know that once you‚Äôve been assaulted you automatically consent to all future assaults,‚Ä¶
trump,2882562277,2016,10,25,06,13,25,1727,0,40856,83024,,RT @hoax: hitler vs trump https://t.co/wg815vdue4
hillary,4883801255,2016,10,25,06,13,25,2,0,5620,5624, USA,RT @saul42: Hillary Busted; Lying 13 minutes non-stop - Tactical Investor https://t.co/kg84uemZHF via @saul42
hillary,2199598860,2016,10,25,06,13,25,79,0,288,28,,RT @owillis: this is the only election outcome i believe would really force the gop to radically change overnight https://t.co/UnHWR8Xcoa
hillary,716450496513310722,2016,10,25,06,13,25,2241,0,33,299, USA,RT @mitchellvii: The ultimate irony will be when Hillary goes to prison for violating FEC Super Pac Laws because of her "Donald Duck" strat‚Ä¶
hillary,4821724513,2016,10,25,06,13,25,3594,0,249,281,,RT @LogicalCampaign: WOW!!Green party's Jill Stein: Hillary is FAR MORE DANGEROUS than Trump.#ThursdayThoughts #NextFakeTrumpVictim #Ne‚Ä¶
hillary,1371127416,2016,10,25,06,13,25,22888,0,3133,3195, Fl.,RT @realDonaldTrump: Wow, just came out on secret tape that Crooked Hillary wants to take in as many Syrians as possible. We cannot let thi‚Ä¶
trump,2895040777,2016,10,25,06,13,25,1727,0,12,81196,turn on my notifications :) ,RT @hoax: hitler vs trump https://t.co/wg815vdue4
hillary,2431115268,2016,10,25,06,13,25,0,0,15,8,,Watch the leaked videos from project varotos and see for your self the corruption of Hillary Clinton and the Illegal campaign practices
hillary,789563993119715328,2016,10,25,06,13,25,1367,0,130,26,,RT @therealroseanne: BREAKING: HILLARY IS GOING DOWN! O‚ÄôKEEFE JUST FILED SUIT AGAINST CLINTON... https://t.co/9X9UsUSOsC via @YouTube
trump,1423830522,2016,10,25,06,13,25,1727,0,1,68539,*turn on my notifications*,RT @hoax: hitler vs trump https://t.co/wg815vdue4
hillary,706148599604731905,2016,10,25,06,13,25,71,0,8852,8053, NV,RT @mitchellvii: Folks, Trump is winning and Hillary is in trouble.  You have to dig deep into these polls but it's obvious.
hillary,3159466303,2016,10,25,06,13,25,0,0,614,219,#BernieOrJill,Very wise words from Hillary Clinton! https://t.co/weejiDEmj0
trump,55853059,2016,10,25,06,13,25,0,0,1694,1745,Just the other side of nowhere,A great honorThe 281 People, Places and Things Donald Trump Has Insulted on Twitter: A Complete List https://t.co/NDCOfQ4ZTC via @UpshotNYT
hillary,2312902755,2016,10,25,06,13,25,303,0,1920,1963,The South,RT @0HOUR1__: Tampa if Hillary Clinton wins the election is #RIGGED https://t.co/ahkZdUiI89
hillary,162456721,2016,10,25,06,13,25,2,0,1672,819, USA,RT @AndresAyrado: Show me someone who believes ignorance is bliss, and I'll show you a Hillary supporter. You can't be that blind folks!!‚Ä¶
hillary,297965399,2016,10,25,06,13,25,0,0,212,598,Chicago,Park Ridge officials consider ways to recognize Hillary Clinton's presidential¬†run https://t.co/UJ5dyS6eaz
hillary,2149673810,2016,10,25,06,13,25,0,0,38,43,,Donald Trump is Ahead in Texas! just said Obama care is going up x 3 so Hillary wants to keep Obama https://t.co/BNwWvdUYFt Trump! Winner
hillary,379851447,2016,10,25,06,13,25,0,0,1983,4608,London UK,#HILLARY #CLINTON #HEALTH #COVER-UP: BLOOD CLOT WAS KEPT SECRET FROM AMERICAN PUBLIC https://t.co/EQNOZMvRUC
trump,358448762,2016,10,25,06,13,25,0,0,88,77,USA,trump and his supporters live in their own world of lies and delusions.  Thankfully, there aren't as many of them a‚Ä¶ https://t.co/VgQXiPXTuB
trump,257019790,2016,10,25,06,13,25,63,0,1608,635,USA,RT @Rob_Flaherty: "I am nothing like Donald Trump!," says person threatening a frivolous lawsuit over someone hurting their feelingshttps‚Ä¶
hillary,2282067044,2016,10,25,06,13,25,0,0,1917,1526, TN  USA,@Conservative_VW @mikepence is drawing more people than Hillary.
trump,2964623447,2016,10,25,06,13,25,1727,0,17,56759,abyss,RT @hoax: hitler vs trump https://t.co/wg815vdue4
trump,731019727,2016,10,25,06,13,25,11,0,7505,6875,California by way of  Belize ,RT @Slate: Where do Trump supporters get their fake facts? From Facebook, of course: https://t.co/HjiWIXfU6v https://t.co/3uhkPqwFLy
hillary,4808474910,2016,10,25,06,13,25,9930,0,1143,1233,California,RT @realDonaldTrump: 'Hillary Clinton Had Gun Control Supporters Planted In Town Hall Audience' https://t.co/1GVq74iW8a
hillary,105096429,2016,10,25,06,13,25,27,0,376,250,Marseille,RT @EdeVulpi: "Le contenu des conf√©rences de Hillary Clinton √† Goldman Sachs a √©t√© tenu secret. S'il √©tait publi√©, Trump serait √©lu." @Fran‚Ä¶
trump,774189454571503616,2016,10,25,06,13,25,10535,0,186,63,,RT @JaredWyand: If you make this go viral, Trump will win. It's 4 minutes that makes the choice in this election crystal clear.#EarlyVoti‚Ä¶
hillary,1306073227,2016,10,25,06,13,25,6,0,1371,236,redmond,RT @mitchellvii: Monmouth NC - While Hillary leads with early voters so far, Trump has a large lead with voters still intending to vote.
trump,4830947765,2016,10,25,06,13,25,1727,0,22,33825,,RT @hoax: hitler vs trump https://t.co/wg815vdue4
trump,789616472,2016,10,25,06,13,25,1727,0,0,65711,,RT @hoax: hitler vs trump https://t.co/wg815vdue4
hillary,541255832,2016,10,25,06,13,25,295,0,1480,1030,OHIO ,RT @Always_Trump: Anyone else getting #ScandalFatigue from Hillary? I mean my god, what has this woman NOT done?
trump,16014522,2016,10,25,06,13,25,0,0,2698,3038, CA,Uh, "Nice" and "Trump supporter" don't go together - that's an oxymoron. https://t.co/AbIFOMqfzQ
trump,3160789378,2016,10,25,06,13,25,1727,0,69,46415,Turn On Notifications,RT @hoax: hitler vs trump https://t.co/wg815vdue4
hillary,3006690178,2016,10,25,06,13,25,6316,0,63,181, AZ,RT @wikileaks: Why is Hilllary Clinton is so soft on Saudi? The #Podesta connection https://t.co/8R86yE6yXK More: https://t.co/pjX9tmfINt‚Ä¶
hillary,740358125392408576,2016,10,25,06,13,25,669,0,2929,2251,,RT @mitchellvii: What I think of Hillary's D+9 polls: https://t.co/Fjd4GIwBB3
trump,2985300865,2016,10,25,06,13,25,1727,0,19,90407,ATL,RT @hoax: hitler vs trump https://t.co/wg815vdue4
trump,3232359733,2016,10,25,06,13,25,1727,0,2068,24345,,RT @hoax: hitler vs trump https://t.co/wg815vdue4
trump,2874721531,2016,10,25,06,13,25,1727,0,0,146557,selling promos/rts,RT @hoax: hitler vs trump https://t.co/wg815vdue4
trump,985770788,2016,10,25,06,13,25,1727,0,11887,22582,turn on notifications,RT @hoax: hitler vs trump https://t.co/wg815vdue4
trump,2837688358,2016,10,25,06,13,25,1727,0,392,19925,*notifications on/rts off*,RT @hoax: hitler vs trump https://t.co/wg815vdue4
hillary,2349297128,2016,10,25,06,13,25,22888,0,188,143, USA,RT @realDonaldTrump: Wow, just came out on secret tape that Crooked Hillary wants to take in as many Syrians as possible. We cannot let thi‚Ä¶
hillary,2740340985,2016,10,25,06,13,25,0,0,709,271,,Barbra Streisand &amp; Jamie Foxx ‚ÄúClimb Ev‚Äôry Mountain" for Hillary Clinton! Remember to vote on Tuesday, Novemb... https://t.co/OWbwhjNH1m
hillary,3065807512,2016,10,25,06,13,25,96,0,1160,32,-83.621606,RT @larryelder: Tonight 7p PT, @larryelder is a panelist on @seanhannity: "WikiLeaks Exposes The Media Collusion With The Hillary Campaign"
trump,4320301752,2016,10,25,06,13,25,91,0,874,662, USA,RT @JohnKStahlUSA: Porn star who had sex with strangers for years is upset with Trump. Gloria, get a real job. #tcot #ccot #gop #maga https‚Ä¶
hillary,2513543453,2016,10,25,06,13,25,0,0,478,98,,you (uptight millenial): duhh Hillary is basically a neoconme (relaxed boomer): when you're older you'll recognize the importance of coups
trump,955067324,2016,10,25,06,13,25,7294,0,2220,1131,,RT @NumbersMuncher: Donald Trump basically cutting a campaign ad after the 2008 election for his lifelong friends, the Clintons. Wow. https‚Ä¶
trump,116601040,2016,10,25,06,13,25,7294,0,202,21,,RT @NumbersMuncher: Donald Trump basically cutting a campaign ad after the 2008 election for his lifelong friends, the Clintons. Wow. https‚Ä¶
trump,1661616198,2016,10,25,06,13,25,1727,0,0,45915,,RT @hoax: hitler vs trump https://t.co/wg815vdue4
hillary,215257719,2016,10,25,06,13,25,0,0,785,706,World,Huffington Post TERMINATED Me For Questioning Hillary's Health https://t.co/ZpJAm8UCZT #HillaryForPrison #LockHerUp #VoteTrump
trump,742965281342009344,2016,10,25,06,13,25,0,0,3,94,,@Always_Trump  Ask yourself 'who's desperate'?
trump,3311012851,2016,10,25,06,13,25,1727,0,1,77051, USA,RT @hoax: hitler vs trump https://t.co/wg815vdue4
hillary,2329148937,2016,10,25,06,13,25,235,0,1569,660,Truth = Freedom,RT @vivelafra: BREAKING: Former Clinton Fdn CEO Applies for Asylum?  Somebody find Eric Braverman before #Hillary does &gt; https://t.co/hqCCp‚Ä¶
trump,85620067,2016,10,25,06,13,25,85,0,1992,1308,New York City ‚úà Silicon Valley,RT @HuffingtonPost: WATCH: President Obama burns Donald Trump in priceless edition of Kimmel's 'Mean Tweets' https://t.co/3MsGwbOQ8P https:‚Ä¶
hillary,401797919,2016,10,25,06,13,25,0,0,4975,4943,Albuquerque NM,Wikileaks: Hillary Clinton Had Gun Control Supporters Planted In Town Hall Audience - Breitbart https://t.co/SCiqpr4bOx
trump,458001112,2016,10,25,06,13,25,431,0,58,24,,RT @tracieeeeee: Hey #Trump supporters @realDonaldTrump @RealJamesWoods https://t.co/oxbJT5vbMS
trump,3308096163,2016,10,25,06,13,25,46622,0,216,177, USA,RT @wikileaks: Democrats prepared fake Trump "grope under the meeting table" Craigslist employment advertisement in May 2016 https://t.co/p‚Ä¶
hillary,24226326,2016,10,25,06,13,25,4567,0,5002,4291,Texas,RT @JaredWyand: Hillary's "we go high" campaign was planning their swift-boat attacks against Trump during the Sanders primary#PodestaEma‚Ä¶
hillary,526601851,2016,10,25,06,13,25,9930,0,2112,2186, NJ,RT @realDonaldTrump: 'Hillary Clinton Had Gun Control Supporters Planted In Town Hall Audience' https://t.co/1GVq74iW8a
trump,49856275,2016,10,25,06,13,25,6,0,992,5168,Auckland,RT @cctvnews: Understand Hillary Clinton and Donald Trump‚Äôs views on trade with China in 90 seconds https://t.co/580QvZTDwX
trump,736595243978657793,2016,10,25,06,13,25,1727,0,1,9,,RT @hoax: hitler vs trump https://t.co/wg815vdue4
hillary,436261000,2016,10,25,06,13,25,0,0,369,519,Hiroshima Japan,Hillary Clinton Song - "Dishonesty" A Parody of Billy Joel's "Honesty" https://t.co/noiiMIWKhq @YouTube„Åï„Çì„Åã„Çâ
trump,732253484,2016,10,25,06,13,25,1727,0,42,12808, NY,RT @hoax: hitler vs trump https://t.co/wg815vdue4
hillary,719575907166470148,2016,10,25,06,13,25,15,0,1194,1254, USA,RT @halsteadg048: Of all things Hillary should be in JAIL for does "Donald Duck" FINALLY #LockHerUp?https://t.co/uN1P6b9h4H#Veritas #Pod‚Ä¶
hillary,2358768554,2016,10,25,06,13,25,1,0,220,367, CA,RT @bodysculptorokc: Here's a pic of George HW Bush signing #NAFTA. Funny, but I don't see Hillary nowhere in that pic holding a gun to his‚Ä¶
trump,2742076094,2016,10,25,06,13,25,0,0,89,78, USA,The Unobserved News: Why #BernieSanders Supporters Should Vote #Trump https://t.co/vmz3PSr7HK
hillary,587788594,2016,10,25,06,13,25,22888,0,1053,445,,RT @realDonaldTrump: Wow, just came out on secret tape that Crooked Hillary wants to take in as many Syrians as possible. We cannot let thi‚Ä¶
hillary,768891712152412160,2016,10,25,06,13,25,70,0,39,6, Algeria,RT @Fusion: A message from @maudegarrett to Hillary Clinton: Welcome to being a woman in the White House‚Äîdon't mess it up: https://t.co/NBp‚Ä¶
trump,724507949985460224,2016,10,25,06,13,25,34,0,45,88,,RT @MichaelWatsonDC: BREITBART AND LEFTY ACTIVISTS CONSPIRED TO ENSURE TRUMP GOT THE NOMINATION.You were warned. https://t.co/TOTKTC58pA
hillary,29136429,2016,10,25,06,13,25,600,0,997,1827, U.S.A.,RT @GopAaron: Hillary Clinton is careless, reckless, and crooked. She is unfit to be the next POTUS! #NeverHillary #VoteTrumpPence16 #Trump‚Ä¶
trump,3290037651,2016,10,25,06,13,25,1727,0,2,101164,Dm for cheap Rts and Promos ,RT @hoax: hitler vs trump https://t.co/wg815vdue4
trump,401797919,2016,10,25,06,13,25,0,0,4975,4943,Albuquerque NM,Newest Poll Shows Trump Leads with Veterans Over Hillary by 17% [Video] https://t.co/mNBAfI2Fui
trump,36303972,2016,10,25,06,13,25,9,0,5001,2323,The World ,RT @azmoderate: Fun Facts: Trump received a record 13 million votes in the GOP primaries &amp; a record 16 million votes against him.
hillary,727311184425144321,2016,10,25,06,13,25,42,0,166,191,,RT @RealDJTrumpTeam: Where are the Authorities?Above the Law CLINTONS!Project Veritas Video: Dem operatives say #Hillary wanted ‚ÄúDonald D‚Ä¶
trump,2977123110,2016,10,25,06,13,25,1727,0,125,84320,,RT @hoax: hitler vs trump https://t.co/wg815vdue4
hillary,48612783,2016,10,25,06,13,25,0,0,5001,993, NV,Captain Khan | Hillary Clinton https://t.co/fsl6RO1K5a via @YouTube
trump,1902116174,2016,10,25,06,13,25,0,0,715,313,Detroit Rock City,Trump‚Äôs donors paid for his jetliner, his hotels and now, his books ‚û°Ô∏è by @svdate https://t.co/ff36qaFn7b via @HuffPostPol
trump,759870139479289857,2016,10,25,06,13,25,14,0,235,58, N.Y. USA,RT @Miami4Trump: üí•BADASS BREAKING AUDIOüí•Micheal Moore PRAISES TRUMP (Seriously), ‚ÄúWhat TRUMP Says is MUSIC to America‚Äôs Ears‚Äù #MAGA  https:‚Ä¶
trump,14195935,2016,10,25,06,13,25,1624,0,784,1536,LA + NYC,RT @GideonResnick: Trump used small donors‚Äô money to buy nearly $300K worth of books from the publisher of Art of the Deal last month https‚Ä¶
hillary,767875039072890880,2016,10,25,06,13,25,0,0,2496,1198,,clinton‚Äôs collapse in both soft and hard support was steady and pronounced following the first debatepresident‚Ä¶ https://t.co/FW7in1TAqn
hillary,310681448,2016,10,25,06,13,25,6248,0,2162,2174,88,RT @CloydRivers: A preview of what will happen to America if Hillary is elected President. Merica. https://t.co/0b87ovUkeX
hillary,23568539,2016,10,25,06,13,25,745,0,438,120,Israel,RT @FoxBusiness: .@ScottBaio's message to @HillaryClinton supporters: 'You own the demise of the U.S.' https://t.co/ZhweXllNBv
trump,132890694,2016,10,25,06,13,25,350,0,2838,1399,,RT @SandraTXAS: Professor with Remarkable Track Record Predicts Trump Win https://t.co/jlM5yMH4Oo#Hillary #ImWithHer not! #MAGA #AmericaF‚Ä¶
hillary,2305879171,2016,10,25,06,13,25,49,0,2698,1588,United States,RT @DustinStockton: Veteran at Trump Tampa rally thinks Hillary should be in jail. @JenLawrence21 @BreitbartNews https://t.co/ldaR2GlaI1
hillary,29851314,2016,10,25,06,13,25,14548,0,7264,13858,New York City,RT @realDonaldTrump: 'Democratic operative caught on camera: Hillary PERSONALLY ordered 'Donald Duck' troll campaign that broke the law'ht‚Ä¶
trump,3283403658,2016,10,25,06,13,25,1727,0,0,91277,,RT @hoax: hitler vs trump https://t.co/wg815vdue4
hillary,525455989,2016,10,25,06,13,25,303,0,345,81,Carson Ca.,RT @TheDemocrats: This family didn't realize that Hillary Clinton completely changed their life for the better: https://t.co/a1vuVOjhyD
hillary,19885991,2016,10,25,06,13,25,16,0,430,450, Canada,RT @Garossino: Clinton‚Äôs gripping new ‚ÄúMartha and Sara‚Äù video is the best 7 minutes of 2016 https://t.co/G5AdqTlrj7
hillary,99236241,2016,10,25,06,13,25,14548,0,567,91,Daly City CA,RT @realDonaldTrump: 'Democratic operative caught on camera: Hillary PERSONALLY ordered 'Donald Duck' troll campaign that broke the law'ht‚Ä¶
trump,3164925368,2016,10,25,06,13,25,5581,0,843,260,,RT @HillaryClinton: When Trump trivializes the sacrifice of our military and veterans, he makes it clear: He has no idea what service to th‚Ä¶
trump,1229132286,2016,10,25,06,13,25,1727,0,1,38941,,RT @hoax: hitler vs trump https://t.co/wg815vdue4
hillary,733390948843950080,2016,10,25,06,13,25,71,0,624,458, USA,RT @mitchellvii: Folks, Trump is winning and Hillary is in trouble.  You have to dig deep into these polls but it's obvious.
