,Year,title,question_id,view_count
106,2015,pandas iloc vs ix vs loc explanation?,31593201,37278
57,2015,Elegant way to create empty pandas DataFrame with NaN of type float,30053329,21865
134,2015,python: after installing anaconda how to import pandas,32565302,16679
35,2015,Select dataframe rows between two dates,29370057,16538
167,2015,ImportError: No module named pandas,33481974,15091
38,2015,Correlation matrix using pandas,29432629,12334
40,2015,Plot bar graph from Pandas DataFrame,29498652,10824
46,2015,Shuffle DataFrame rows,29576430,10333
122,2015,How to save a Seaborn plot into a file,32244753,10317
71,2015,Take multiple lists into dataframe,30522724,9185
